"gene_id","baseMean","log2FoldChange","lfcSE","stat","pvalue","padj","H960h1","H960h2","H960h3","H972h1","H972h2","H972h3","gene_name","biotype"
"ENSG00000124614",840.39985987065,1.42253906459898,0.0658082122021885,21.6164368700426,1.25824639062482e-103,1.90674658035285e-99,20.4370858611842,19.9312707437718,18.7253407607671,6.97441482926605,7.00833888383872,8.06857842812826,"RPS10","protein_coding"
"ENSG00000166482",6858.79664177313,0.64895199802137,0.0343823289658755,18.8745793999428,1.8458753907397e-79,1.39861978356347e-75,158.839915926536,159.021505271003,161.697205043211,99.8707457956916,100.211039248007,106.106523056117,"MFAP4","protein_coding"
"ENSG00000141506",1383.72834142192,-0.673980124378895,0.0407984314694774,-16.5197557872567,2.64466753439315e-61,1.33590972720646e-57,7.9078368547491,8.09284869516348,8.24708462451868,12.7430868345744,13.0093260304186,12.9213809024517,"PIK3R5","protein_coding"
"ENSG00000115461",3451.52033985898,0.692413391426395,0.0450296944063717,15.3768174657747,2.34178719726855e-53,7.09748863748152e-50,12.7751607982648,13.2667108665899,13.5099972661041,7.99608336062967,8.49330127560419,7.97206549406139,"IGFBP5","protein_coding"
"ENSG00000234797",1965.13437244193,0.884155654308601,0.0609238735222995,14.5124661842944,1.01022152096157e-47,2.18698527552167e-44,84.3161706585045,77.5834568101273,76.1945575578406,42.6610142488352,42.3725210751143,44.0920520715997,"RPS3AP6","processed_pseudogene"
"ENSG00000265972",1299.61402028587,-0.760598986065021,0.0561584468904873,-13.54380379408,8.62067708014078e-42,1.00490569594195e-38,6.59137961462368,5.83241152208945,5.9035385463289,10.251312917435,10.7068436311841,10.1776075560396,"TXNIP","protein_coding"
"ENSG00000230629",503.13344706267,1.20862327564311,0.0919162138321497,13.149184733068,1.72019150115653e-39,1.86198442918043e-36,51.6938236588639,50.2188372469723,51.2295386799478,21.9879315657096,20.2890445351197,23.5980255605359,"RPS23P8","processed_pseudogene"
"ENSG00000159167",868.151704185028,-0.693206569547988,0.0530686655024105,-13.0624458517145,5.3965660851575e-39,5.45197083029845e-36,8.00037271006357,8.11784603093923,8.29703367767721,12.6890082088295,13.2074088036032,13.5625879783929,"STC1","protein_coding"
"ENSG00000113083",1408.29346102748,0.70833177590467,0.055001810927009,12.8783355305277,5.96072122108426e-38,5.64554808651943e-35,5.42503767375708,5.41830789003643,5.52033414336542,3.42984105612292,3.33667214670928,3.23674454469677,"LOX","protein_coding"
"ENSG00000115541",2249.27788900631,0.664931776381109,0.0516614142905875,12.8709557318925,6.55855473498926e-38,5.8463728502369e-35,24.7384721636789,24.4540041637231,25.4469626504149,15.6892947870533,15.7902029073589,15.5103432689237,"HSPE1","protein_coding"
"ENSG00000003402",416.325660984312,-0.807430987473784,0.0653028317202269,-12.3644100294611,4.07189933401223e-35,3.24766118461165e-32,0.739793233870793,0.707370583578432,0.691455627468101,1.25845740613833,1.24726763942026,1.2515544142364,"CFLAR","protein_coding"
"ENSG00000178568",438.104060990441,-0.797074017649792,0.064494668297907,-12.3587583080206,4.36852398443585e-35,3.31003062300704e-32,1.32496673794057,1.33204146864312,1.20794195893482,2.16281422012793,2.3408526028303,2.26917532786672,"ERBB4","protein_coding"
"ENSG00000181291",1237.90442787904,0.841201967136939,0.0684023253922715,12.2978562835816,9.30099257074532e-35,6.71177340081308e-32,4.61458232864081,5.35465682527168,5.56105358132742,3.07544313255472,2.82596220215258,2.72751718395521,"TMEM132E","protein_coding"
"ENSG00000275216",4308.32372897826,-0.594675003026784,0.0486316016905368,-12.2281599280022,2.19862747306811e-34,1.51445457849428e-31,26.7857232388748,29.751801062253,24.8997078840718,41.3033947003587,39.134364327197,43.3062050188221,"RP11-54H7.4","lincRNA"
"ENSG00000091129",834.433057662334,-0.628310619818561,0.0530520045352933,-11.8432965035387,2.33106900560699e-32,1.41300078843873e-29,3.96597834560864,3.60647192615176,3.67803153048485,5.78068614728997,5.82005283608242,5.81155538729943,"NRCAM","protein_coding"
"ENSG00000148943",1198.17121991446,-0.619890765855222,0.052504854884929,-11.8063513786257,3.61928959637648e-32,2.031359797907e-29,4.87570992663337,4.87867921145613,4.98981295438847,7.5262913864733,7.87739573744164,7.24422566726106,"LIN7C","protein_coding"
"ENSG00000133636",4378.35585633594,0.6580794986374,0.0558484161181345,11.7833153449757,4.75839241745431e-32,2.57530995336081e-29,16.8428864882523,17.0466866631676,17.5395018625823,10.7636801307664,11.4235964779029,10.3020502952381,"NTS","protein_coding"
"ENSG00000235655",819.905029266544,0.773847437593271,0.0673918805509103,11.4827992818612,1.60982607462656e-30,7.62353260465341e-28,66.5186306139732,60.3374991446057,67.3540718481595,37.9036846467491,37.7735359251019,37.2056461392391,"H3F3AP4","processed_pseudogene"
"ENSG00000232472",191.170471518638,1.42413868355453,0.124269373096495,11.4600938917482,2.09287791746334e-30,9.61074907916349e-28,10.5765877198483,10.287076389007,9.64243382367277,3.8295020623928,3.95007946701445,3.52031228336693,"EEF1B2P3","processed_pseudogene"
"ENSG00000120937",236.536228285237,-1.06306890150882,0.0946506078881846,-11.2315063286723,2.85568074338248e-29,1.23642817100623e-26,15.0147731017498,16.4348961487666,13.9830052814923,34.906861185492,29.0631792485242,32.1181854685598,"NPPB","protein_coding"
"ENSG00000148677",590.239000906984,-0.881748126757704,0.0788282514259441,-11.1856867405726,4.7918128402047e-29,1.96257112920167e-26,12.1727292186892,10.7035034327707,9.67813921041562,21.0970580350036,19.1997514669759,20.2677620818058,"ANKRD1","protein_coding"
"ENSG00000178150",574.035975162931,-0.663998130704155,0.0618328786126363,-10.7385932145242,6.70583905164129e-27,2.20913663018635e-24,5.5079167296231,5.50356407943936,5.41025225064584,8.32815684355265,8.47903127574653,9.27147193340506,"ZNF114","protein_coding"
"ENSG00000143768",10747.4493609983,0.719730926462151,0.0689594799031697,10.4370121043948,1.68015896686356e-25,4.99237823212753e-23,72.8859322326569,76.4509328310007,89.5089556177851,49.9986561336958,49.5960901307253,45.3159886450951,"LEFTY2","protein_coding"
"ENSG00000139239",866.12474670587,0.746748255136261,0.0726638184138532,10.2767549440244,8.96968906905758e-25,2.61397438754805e-22,45.2960047991863,40.1112144917259,35.9503008736962,24.6917005486391,23.8101374384529,24.2722548622655,"RPL14P1","processed_pseudogene"
"ENSG00000145681",183.763674230399,-0.988054896209581,0.0969906369278533,-10.1871162774665,2.26379775036812e-24,6.23738020165062e-22,1.05908661512826,0.939833382271259,0.998586582192103,1.86297151052919,2.09351088485942,1.98023355870266,"HAPLN1","protein_coding"
"ENSG00000170180",264.462556384034,-0.81612296063624,0.0802397317508135,-10.1710579388616,2.66992813064249e-24,7.22501623067077e-22,3.62904366468538,3.58149001727549,3.5775605348242,6.27080183856167,6.70229550795769,6.01853320308169,"GYPA","protein_coding"
"ENSG00000183569",510.188997553405,-0.611031385242042,0.0602552677176835,-10.1407131423751,3.64429315698737e-24,9.68870500017308e-22,7.66565939323952,7.36789012217801,7.56797322360244,11.1678699906722,11.3849427389056,11.9382324074418,"SERHL2","protein_coding"
"ENSG00000144366",2427.9632542526,-0.602605707478521,0.0606265452609601,-9.93963460864664,2.79851747520631e-23,6.95225144578302e-21,2.99780075410005,2.86806487372136,2.82256411459768,4.27106073504616,4.74913155053292,4.22638603112743,"GULP1","protein_coding"
"ENSG00000138161",1540.22952399717,0.656240346347965,0.0660359422749828,9.93762372035655,2.85557637050265e-23,6.97958134170921e-21,4.44754253654943,4.88738164676991,5.58814565936824,3.0115398157478,3.27980107015741,3.02468918847516,"CUZD1","protein_coding"
"ENSG00000235552",1398.99797782216,0.668911592554525,0.0673237942823489,9.93573816931917,2.91012465539395e-23,7.00000460759363e-21,55.2840294485217,48.765404461493,49.6104671569064,31.2640197043284,32.7043052660961,32.7063067238096,"RPL6P27","transcribed_processed_pseudogene"
"ENSG00000259865",395.421364635115,-0.887206319772601,0.0897906465346507,-9.8808322917045,5.04124412144028e-23,1.15750020327736e-20,5.46290358270182,5.91657548197091,4.95990912185535,9.99102906363466,10.7470059335305,10.0972060756616,"RP11-488L18.10","lincRNA"
"ENSG00000213442",996.668485839608,0.712805526270017,0.076121807910084,9.36401204648202,7.67650742046074e-21,1.59355881437893e-18,49.603576684152,54.3435259177368,59.3937627445014,33.1048330681809,31.4242428053709,34.5159432305891,"RPL18AP3","processed_pseudogene"
"ENSG00000188095",569.508266936919,0.804404747842446,0.0867836732719896,9.26907928086143,1.87759649735666e-20,3.79374630945904e-18,5.04300029394883,5.81746396769076,5.67179124993483,3.1074241506803,3.15665045461051,3.17640276754269,"MESP2","protein_coding"
"ENSG00000247627",445.853934466144,-0.888667559552361,0.0964734086311818,-9.21152856690013,3.21513330456468e-20,6.32754936329522e-18,4.80079727180208,5.19497070312405,5.30406073518274,9.24256222551595,9.08641986329092,10.0620277055506,"MTND4P12","processed_pseudogene"
"ENSG00000167244",1150.08657702873,-0.58526672897191,0.0638926964299108,-9.1601507163489,5.18248852497641e-20,1.00686450137811e-17,3.89326387635869,3.88645814763556,4.44955697508786,5.86612725344642,6.37076071081667,6.00806996339929,"IGF2","protein_coding"
"ENSG00000112139",944.483497315039,0.641418032603327,0.0710666528221265,9.02558383055889,1.78739708285597e-19,3.38577692419992e-17,1.28536279213894,1.43984946089759,1.23843798766193,0.823557538053177,0.876034950521198,0.862568677408346,"MDGA1","protein_coding"
"ENSG00000154237",4724.29980205084,-0.728217814032191,0.0814034637807899,-8.94578412527011,3.69318300069242e-19,6.82518234054792e-17,2.59264897599413,2.99754975024082,2.61758179131304,4.61535815931986,4.49013991459845,4.58437616693074,"LRRK1","protein_coding"
"ENSG00000130600",693.095029546381,-0.606671018533703,0.067940780321094,-8.9294090480934,4.28290466652308e-19,7.72620491570794e-17,8.66641018462969,8.91075109055683,9.35402020973679,13.3800329342507,14.1297736695673,13.4582114886495,"H19","processed_transcript"
"ENSG00000259952",57.2019895549373,-2.13404784630355,0.239025851009952,-8.92810479404881,4.33369023251402e-19,7.72620491570794e-17,0.819347174823718,0.762862928205556,1.02709768420006,3.98377228781042,3.86331041108054,4.21547387918688,"AC009133.15","antisense"
"ENSG00000117525",363.889539792437,-0.69782930770892,0.0781740986982872,-8.92660509463871,4.39282176535861e-19,7.7405605851447e-17,3.44905974431555,3.46269642875276,3.28655020245455,5.39438883373991,5.38541812551763,5.86755378409549,"F3","protein_coding"
"ENSG00000234851",494.119142056747,0.824262098415012,0.0927069922281488,8.89104563317652,6.0536508766574e-19,1.03075309421198e-16,39.2516875072795,35.6914340695844,32.8570154944996,21.0165268440076,19.6792424402146,20.3557126764223,"RP11-3P17.3","processed_pseudogene"
"ENSG00000163083",726.646305841865,0.641960520958107,0.072362373974546,8.87146849526968,7.21875723117569e-19,1.21547830090263e-16,4.28389558497193,4.14284320959808,4.11276210930706,2.69879752587938,2.86680114876208,2.47469930971912,"INHBB","protein_coding"
"ENSG00000157502",400.065646786031,-0.652899271285875,0.0754697540316837,-8.65113818990021,5.09883151744039e-18,7.72676928152917e-16,2.68956181254483,2.73148640912994,2.24620779001046,3.93397537817179,4.21544842959633,4.12641373243673,"MUM1L1","protein_coding"
"ENSG00000173262",592.802098542496,-0.66783622062798,0.0778413034843392,-8.57945834324757,9.53209322601154e-18,1.41617000732332e-15,3.20058867991481,3.1615007582586,3.59126610414862,4.96909171359908,5.10035190732349,5.66352613452862,"SLC2A14","protein_coding"
"ENSG00000164176",494.338839980276,-0.692269850566832,0.0816327526746291,-8.48029532124285,2.24623059330996e-17,3.21126211424709e-15,1.45475890531669,1.46831709416636,1.55770027282314,2.35134534776295,2.38110306665701,2.48165264073355,"EDIL3","protein_coding"
"ENSG00000224631",403.02965596212,0.779704901510785,0.0940664886474696,8.28887006118475,1.14329359243143e-16,1.37503738886555e-14,20.4394367945672,20.6080173948001,24.7252403971309,13.5161028432573,11.7923350166301,12.4363143287226,"RP11-51O6.1","transcribed_processed_pseudogene"
"ENSG00000102924",487.7931159232,0.787021476309301,0.0962810520484698,8.1742093544335,2.97812311911554e-16,3.39326900353961e-14,2.66724116815868,2.68875782257007,2.69747225612492,1.42095764033094,1.58092641737126,1.62969071775042,"CBLN1","protein_coding"
"ENSG00000213553",181.701013811732,0.99282012612365,0.121977249484429,8.13938771631663,3.97281843578994e-16,4.45956226488598e-14,6.37157300212268,5.99872088738098,5.40728661701933,3.13469516866014,2.98274475476995,2.84109202615617,"RPLP0P6","processed_pseudogene"
"ENSG00000228252",439.899390331766,-0.609348362759929,0.0749643338817306,-8.12851033561217,4.34598073364836e-16,4.84257294394907e-14,6.35288103866866,6.9813377920457,5.62438437260147,9.5974403207154,9.49602689908594,10.1452594720141,"COL6A4P2","unitary_pseudogene"
"ENSG00000230202",429.796152088625,0.701502413026523,0.0866914710221897,8.0919426646592,5.87205513678866e-16,6.31100166970889e-14,29.7252111060354,27.793915250749,28.2312001368331,18.731579990766,17.2151900822119,16.7277143213926,"RP11-632C17__A.1","processed_pseudogene"
"ENSG00000142871",670.08937431313,-0.659893152612159,0.0822614019881099,-8.02190500846971,1.04117646959322e-15,1.08813711863556e-13,3.53708504162062,3.14047088411666,3.26628853995249,5.44851681633851,4.68745109868154,5.59431807585821,"CYR61","protein_coding"
"ENSG00000166823",598.036628078003,0.680060058299068,0.0848803562056339,8.01198402904357,1.12872527805543e-15,1.15572316646297e-13,5.04891568901438,5.61984430959525,6.14449493374145,3.69896922510355,3.52397965114395,3.17619206724454,"MESP1","protein_coding"
"ENSG00000132967",339.958277884156,0.839099593759855,0.105093681349901,7.98430108244228,1.41320707569706e-15,1.42771600167421e-13,9.50522924420411,9.08582139805611,7.95313648257393,5.38343688731193,4.38800808479228,5.15230132464832,"HMGB1P5","transcribed_processed_pseudogene"
"ENSG00000064300",750.829134057102,0.847454363381886,0.108570572359129,7.80556227131862,5.92368459694787e-15,5.50720959399681e-13,1.21495365712565,1.15394069118249,1.30456030504464,0.592122750043127,0.65542169469626,0.740839907442642,"NGFR","protein_coding"
"ENSG00000263563",220.43934726516,-0.879502716121164,0.112737478719336,-7.80133391408123,6.12561884710958e-15,5.66022122006699e-13,1.88859890449839,1.84954595379124,2.22461692491824,3.4856237447376,3.89498811406608,3.42746637872087,"UBBP4","protein_coding"
"ENSG00000148848",395.618742747591,0.64060032016285,0.0869243814057897,7.36962759818021,1.71105327502662e-13,1.31620818932758e-11,0.948865936523476,0.906880661536741,0.885779421787029,0.618347789366768,0.604774543144017,0.539520201891128,"ADAM12","protein_coding"
"ENSG00000101276",249.318754505947,-0.64116519759273,0.0875766003956678,-7.32119304352955,2.45775973822193e-13,1.81682395478123e-11,3.17923649691169,3.13779246416851,2.78724416024271,4.46147312376746,4.92557782015065,4.95543858339432,"SLC52A3","protein_coding"
"ENSG00000178464",552.808421333162,0.593910220569231,0.0814883247790186,7.28828604809101,3.13922916296167e-13,2.26532755883434e-11,23.8857168164453,22.4585832292383,22.4095487825023,15.4907175203253,16.1870007926267,13.8922595658703,"CTD-2192J16.15","processed_pseudogene"
"ENSG00000003436",504.057204920779,-0.620910369268282,0.0858482721146488,-7.23264841532358,4.73664536512301e-13,3.32310758625343e-11,0.559559072920684,0.524164738628128,0.479616214151813,0.833164688228124,0.869859875800079,0.737312391596051,"TFPI","protein_coding"
"ENSG00000125872",70.682254158982,-1.06556648051536,0.147946283181471,-7.20238763422218,5.91671972791318e-13,4.05710274917630e-11,1.00932721371127,1.0407791881361,0.853775817120914,2.04092605205121,1.97416850034097,2.1940002537709,"LRRN4","protein_coding"
"ENSG00000185641",141.037606320611,0.956466634909424,0.135623701694893,7.05235606281525,1.75913348603433e-12,1.1191298455789e-10,10.8891623946286,11.134019984839,13.5560372635842,5.34494940286287,6.89956700469593,5.53121089354576,"CTD-2287O16.1","processed_pseudogene"
"ENSG00000233830",121.012343086,0.975761470448764,0.140186771211805,6.9604390058639,3.39214003461413e-12,2.07276169695736e-10,7.1353719350437,6.36327197478731,5.87322644268059,3.20568501557912,3.44149595485176,3.17977137933609,"EIF4HP1","processed_pseudogene"
"ENSG00000153993",216.512858319435,-0.718514579240625,0.103482161289447,-6.94336656953742,3.82864229024885e-12,2.33009017134261e-10,1.27861657237127,0.983432698194039,1.17202081767016,1.92945078461217,1.78295137937119,1.91430274331313,"SEMA3D","protein_coding"
"ENSG00000187621",361.24837310757,-0.720956271298726,0.10544912399785,-6.83700578976293,8.08654743712377e-12,4.64180075235506e-10,0.686632667866273,0.667624535633595,0.667075316964585,1.11018125316123,1.17427453775008,1.06628540903857,"TCL6","processed_transcript"
"ENSG00000173212",264.639107767203,-0.84809350388908,0.124213206199885,-6.82772411915944,8.62722864987858e-12,4.91492567519775e-10,1.03236234174272,1.0679924798537,1.01961297078773,2.07187033253437,1.99848802272663,1.63380503398235,"MAB21L3","protein_coding"
"ENSG00000174977",132.311358931955,0.923806751328429,0.135342232738076,6.82570940820997,8.7491873332028e-12,4.96573726020057e-10,4.09365876353065,3.55256221691938,3.59948281355923,1.90891708756065,2.1885414554412,1.78560727535212,"AC026271.5","processed_pseudogene"
"ENSG00000254198",218.308781934277,-0.880984052523066,0.129712659921317,-6.79181240333415,1.1073348358819e-11,6.19208564684661e-10,10.0090474979086,8.92458583632843,8.49133837767833,20.1333932870837,16.094674751417,15.1576115971964,"RP11-598P20.3","processed_pseudogene"
"ENSG00000124839",391.449044200408,-0.612111899882988,0.0904692575648315,-6.76596576958024,1.32422853203391e-11,7.24453399799347e-10,3.4611658038298,3.89272525073472,2.75502609203843,5.15697737484257,4.71567576764287,5.85704108025607,"RAB17","protein_coding"
"ENSG00000163064",166.681391697936,0.914274075893252,0.136350712664052,6.70531204443272,2.00976427152179e-11,1.07618260673644e-09,1.43648366868133,1.18425891392422,1.39809652325765,0.682773375951938,0.7177354956713,0.686844818809777,"EN1","protein_coding"
"ENSG00000214784",136.087600103582,1.04679895956941,0.157118228017596,6.66249214223684,2.69222717635392e-11,1.40779277156389e-09,6.78857214783182,5.39939947681491,4.5010810275437,2.58210152829943,2.6634027250815,2.8223552165425,"AC010468.1","processed_pseudogene"
"ENSG00000172974",282.709422584636,0.651133217406712,0.0998191020349656,6.52313238781318,6.88540371055856e-11,3.33359130446659e-09,13.8944331244812,11.4352744725322,12.5223037440518,8.39399591635356,7.5285079058558,8.05860902067272,"AC007318.5","processed_pseudogene"
"ENSG00000233476",461.80768811187,0.694385375333544,0.106832689806907,6.49974625359148,8.04556015433429e-11,3.87055297075498e-09,9.75542630197672,8.98778728330591,8.96760715196771,5.86254154240949,6.00177864104504,5.23209732700569,"EEF1A1P6","processed_pseudogene"
"ENSG00000261780",711.136136642721,-0.837316937119817,0.132985318854635,-6.29631108404592,3.04812359621424e-10,1.34668411011751e-08,1.20664628169231,0.986987346003425,0.830666534686316,1.89533299091142,1.76581574415547,1.95600588633642,"CTD-2354A18.1","processed_transcript"
"ENSG00000244313",258.327734078729,0.636618024343886,0.101525327252471,6.27053407826754,3.5981178736522e-10,1.57135095842436e-08,14.511946460112,16.1998589426034,18.3581992612414,9.35665666341734,11.2177943899937,10.43836930991,"RP11-425L10.1","processed_pseudogene"
"ENSG00000152078",113.391149739024,-0.890228998509773,0.142573548778463,-6.24399831621675,4.26524584517688e-10,1.82071931092424e-08,0.401136414910065,0.327510548313001,0.358806790908926,0.670221987827488,0.695363008038796,0.655829636916118,"TMEM56","protein_coding"
"ENSG00000199145",91.0742439713427,-1.10115104059555,0.177046420230967,-6.21956117022324,4.985472356166e-10,2.08701237804806e-08,24.304036188498,34.1894009399351,27.0395823492882,61.3645524808846,64.3076930876472,63.9526322964104,"MIR302D","miRNA"
"ENSG00000229119",335.769168988938,0.658348587767643,0.106001902108244,6.21072428582808,5.27409404991065e-10,2.20175265102881e-08,33.1389478210534,31.0522770002922,30.8179947980965,18.0742297702643,21.7032597156396,20.2268790518879,"CTB-63M22.1","processed_pseudogene"
"ENSG00000135842",175.641704526399,-0.855398308819472,0.138112949677669,-6.19346926422047,5.88541696545531e-10,2.45020903006895e-08,0.287742846676849,0.263456125929156,0.225724601816934,0.509498115836404,0.492337100315086,0.444546792349185,"FAM129A","protein_coding"
"ENSG00000207927",72.3028520682077,-1.04371153966536,0.169405738960109,-6.16101642171125,7.22794946661361e-10,2.97642245155062e-08,24.7637293318324,25.3424222995877,22.2064202868551,48.716142307691,51.2463774331351,52.7657714397076,"MIR302A","miRNA"
"ENSG00000106631",223.774297861959,-0.593651423066321,0.0983951126628369,-6.03334258176564,1.60602436221582e-09,6.19279724809632e-08,7.10852515057323,8.17726869936193,6.90104871877506,11.3207825518766,10.3897859232056,12.1250290064129,"MYL7","protein_coding"
"ENSG00000105971",183.295713584644,-0.731198282676123,0.121426342031745,-6.0217434737922,1.72548217235115e-09,6.60301940399227e-08,0.493415340426346,0.582409020604713,0.420338102744254,0.89033434824834,0.827739408959681,0.85860560803567,"CAV2","protein_coding"
"ENSG00000230409",187.164744411871,0.726021253659767,0.121735646762639,5.96391667491912,2.4626235486896e-09,9.0378062218386e-08,5.31784351518451,5.32957549038215,5.35552189037289,3.37753386723338,3.32552220029279,2.92463703730388,"TCEA1P2","processed_pseudogene"
"ENSG00000243199",224.001676030626,0.734357961404115,0.12313418602164,5.96388367138804,2.4631212680608e-09,9.0378062218386e-08,8.0492619365764,7.51434598514814,7.86668819817096,4.92954067822176,4.66560571529583,4.39411510437565,"RP11-408P14.1","processed_pseudogene"
"ENSG00000231131",98.8506572211661,-0.81298130914932,0.138373788202507,-5.8752551311202,4.22192611768282e-09,1.47417208265819e-07,3.99823321886153,4.22063783760609,3.51491597233738,6.83450382487941,7.39507230719315,6.66782419042695,"RP11-346D6.6","lincRNA"
"ENSG00000258429",204.750931428277,0.638442791236042,0.1102289696119,5.79196914825483,6.95659236095554e-09,2.30175110563145e-07,4.83789836602519,4.94195140462992,5.86610014313383,3.32317726158235,3.10774548740661,3.40608066935937,"PDF","protein_coding"
"ENSG00000164265",792.47806093206,-0.6716564961821,0.116240187465034,-5.77817801940608,7.55138874004313e-09,2.46094075197019e-07,1.90217163010964,2.40297598337529,2.18552489892955,3.8600999110973,3.34769234829474,3.42445766273824,"SCGB3A2","protein_coding"
"ENSG00000268416",96.0086531711795,-0.823944366374856,0.142860539548826,-5.76747343232071,8.04687654191187e-09,2.61118559135187e-07,0.373351212879531,0.477203720928182,0.355708029090594,0.729314005629896,0.758737909150616,0.70191739265077,"CTD-2626G11.2","lincRNA"
"ENSG00000136167",136.781176733861,-0.69289634494293,0.121057490268152,-5.72369659579187,1.04230824488451e-08,3.30442241484934e-07,0.857888142380816,0.691020406509209,0.736703806789759,1.25049018886819,1.25679025128631,1.19099189042928,"LCP1","protein_coding"
"ENSG00000259781",302.792033680476,0.607618919250301,0.107251478057508,5.66536639172931,1.46710704601144e-08,4.49142225762775e-07,13.9189930713789,11.7809631668872,11.7013397301013,8.00251181475863,8.32388674063225,8.20347107057994,"RP11-673C5.1","processed_pseudogene"
"ENSG00000198570",66.7028290129665,1.1549868273367,0.205235278311142,5.62762326653075,1.82709590714257e-08,5.43964860055767e-07,0.413670929905065,0.354003277871111,0.490873284821949,0.163025065193786,0.201089114920424,0.165949546839212,"RD3","protein_coding"
"ENSG00000230805",136.361998609514,-0.679198721201366,0.12141209256346,-5.59416040742698,2.21691923873068e-08,6.42172108084571e-07,4.99970212197698,5.06448907342165,3.94107708442471,7.60692997498382,7.58318853252658,7.66193547873541,"AL132709.1","lincRNA"
"ENSG00000229132",71.6869336257482,1.01078060960377,0.183491462236402,5.50859749704066,3.6170389041772e-08,1.0019279639608e-06,2.32660738936503,2.12434143267141,1.80609783418583,0.915085431732489,1.17004050002078,0.998036795323418,"EIF4A1P10","processed_pseudogene"
"ENSG00000264727",167.034081291148,-0.640403309068243,0.116261539865378,-5.5082988734691,3.62317885872058e-08,1.0019279639608e-06,2.03074820135214,2.59150724948708,2.07668786572124,3.25457311968686,3.531321042505,3.80951193497391,"RP11-680C21.1","lincRNA"
"ENSG00000089127",132.750853335538,0.717717018573158,0.131095114101815,5.47478083748982,4.38053415615421e-08,1.19321169429886e-06,1.08177139704147,1.0214893480382,1.12338361451149,0.610681053674504,0.66354515854947,0.65698558557283,"OAS1","protein_coding"
"ENSG00000136099",376.563256952327,0.623368782538631,0.114856183605753,5.42738547432813,5.71855366286062e-08,1.51237281338551e-06,0.821306050957702,1.06491855753166,1.00166047235659,0.639197539110487,0.524092612779153,0.706958879483462,"PCDH8","protein_coding"
"ENSG00000156475",258.452798647705,-0.698993597390784,0.129095000462861,-5.41456752689562,6.14370148972223e-08,1.60797327072972e-06,0.180294690355846,0.148963011586059,0.154701701226008,0.259803143422864,0.282016336322725,0.249657828673159,"PPP2R2B","protein_coding"
"ENSG00000248431",69.643079969863,-0.985065940152486,0.18392131514023,-5.35590961494282,8.51270581346136e-08,2.15002573161989e-06,2.00718856571316,1.77191516657511,1.87057266429082,3.43302751140405,3.93140622112639,3.96163395443028,"AC005150.1","lincRNA"
"ENSG00000256663",71.119363223556,1.0595696128989,0.199728002248742,5.30506289037682,1.12634156863046e-07,2.76638251718412e-06,1.51572749720661,1.32657939511434,1.00498486751473,0.488731502541596,0.646953897245997,0.696498294829591,"RP11-424C20.2","processed_pseudogene"
"ENSG00000248175",125.956110898235,-0.713215971934487,0.134523606998275,-5.30179042808176,1.14672437935998e-07,2.81188693281896e-06,1.12797710896453,1.15579381750713,1.16546447411548,1.99148793733639,1.93784204725115,1.76476125956069,"CTC-428G20.3","lincRNA"
"ENSG00000230715",201.805329947246,-0.58947965137664,0.111500526753295,-5.28678804074996,1.24482737079526e-07,3.02309518862683e-06,11.8162366294754,13.6087607227991,11.7864846137923,20.4210131911849,17.4445506983101,19.0223006468127,"RP11-274B21.4","processed_pseudogene"
"ENSG00000233056",176.203160539389,-0.594606725505107,0.112557644333094,-5.28268629845765,1.27303271673436e-07,3.0817153018199e-06,1.47843586590179,1.46828297582139,1.47365618089404,2.08818932204871,2.2380772208867,2.36288664504813,"ERVH48-1","lincRNA"
"ENSG00000140538",153.539785399496,0.902097088017927,0.176140925737287,5.12145081696345,3.03193823758702e-07,6.63959422722452e-06,0.0745571373679211,0.06704287402251,0.070844099959189,0.0365005023191516,0.0376497733641396,0.0363970082283269,"NTRK3","protein_coding"
"ENSG00000226415",141.324213485381,0.667274480384825,0.131000796483115,5.09366735392964,3.51202752741071e-07,7.5921918902114e-06,5.71433203401431,5.35185881835839,5.58417448813449,3.15277434079567,3.51507696570948,3.6947765734782,"TPI1P1","processed_pseudogene"
"ENSG00000232024",175.337294451511,0.629740422352982,0.12403682042855,5.07704422104028,3.83351675876337e-07,8.1936689650635e-06,9.52769780247818,8.8539794049928,8.59932295802194,5.24358477548299,5.800104727594,6.32949956725745,"LSM12P1","processed_pseudogene"
"ENSG00000216285",51.0466341034443,1.08465538141638,0.214432961292408,5.05824932360707,4.23122992314744e-07,8.95531539879558e-06,1.97727752042018,2.20786254882772,2.87086923708493,1.30304975638422,0.902564113510838,0.95185313185355,"RP11-490H24.5","processed_pseudogene"
"ENSG00000256101",42.2886623817679,-1.10530078757397,0.219195641971577,-5.04253085340671,4.59414650653594e-07,9.64261719668222e-06,1.94203814432182,1.79794212260589,1.50043380316588,4.05892182880482,3.81090124842601,3.73163338560095,"RP11-90D4.3","lincRNA"
"ENSG00000150625",97.0916312726209,-0.647813088475322,0.128705749753049,-5.03328786568043,4.82138291140886e-07,9.99497081251571e-06,0.51327765178521,0.516526934363531,0.493335814327292,0.81005858104501,0.8054195901881,0.787239326735411,"GPM6A","protein_coding"
"ENSG00000230979",152.16770546606,0.688675468613339,0.137243289417703,5.01791724415274,5.22346671810662e-07,1.06536224288274e-05,6.85778926573853,8.90629299357623,8.65674011182486,4.58404378231341,5.08300744974131,5.3328871323245,"AC079250.1","processed_pseudogene"
"ENSG00000144191",253.788249474374,0.595636933759667,0.118826013527589,5.01268128145504,5.36767652976406e-07,1.09183584069858e-05,1.03651254211154,0.993992024609282,0.839968752741709,0.720140324530761,0.606950845468011,0.605235531246532,"CNGA3","protein_coding"
"ENSG00000228589",137.387774807677,0.651907637294775,0.130658334373829,4.98940722319013,6.05648530738601e-07,1.20922237612816e-05,6.16991884125239,5.92329644156864,6.82496881944019,4.11900422428388,4.05557443075354,3.65331295650839,"SPCS2P4","processed_pseudogene"
"ENSG00000249353",297.06353744311,0.614232538218111,0.123604129608562,4.96935288621264,6.7176715509169e-07,1.33420176517162e-05,9.98961895858869,7.39766957625288,8.36887742858828,5.66985463484693,5.54587587819912,5.48319010442745,"NPM1P27","processed_pseudogene"
"ENSG00000185900",456.699467736888,-0.678585705767401,0.13660891680907,-4.96736026913837,6.78704287348374e-07,1.34621528409388e-05,5.46200529748462,4.52041330588435,3.70067568765491,7.9538166170689,7.59116438861455,6.76743742386021,"POMK","protein_coding"
"ENSG00000094755",188.352159578442,-0.763468208349638,0.154121031120066,-4.95369258044261,7.28182196714755e-07,1.42569418721129e-05,0.3940149426647,0.408509517257672,0.342635309771211,0.722404599645124,0.683701504804839,0.60842592257356,"GABRP","protein_coding"
"ENSG00000118596",145.022965040833,-0.634852338811123,0.131021692612696,-4.84539869812067,1.26357672141264e-06,2.33800264179331e-05,0.202936825641368,0.223936882010627,0.156980622005869,0.296880991390221,0.352163026028079,0.296039210419143,"SLC16A7","protein_coding"
"ENSG00000199169",110.05021154702,-0.690075887398322,0.142524050351075,-4.84182063096356,1.28654873443288e-06,2.37470883332472e-05,36.2500878743699,42.955914001457,47.3192691112544,69.2055786312198,65.2307700219196,68.4144438519739,"MIR367","miRNA"
"ENSG00000278784",186.336770091719,-0.587599875396363,0.121782238921913,-4.82500470181972,1.39999964767564e-06,2.57470808991221e-05,3.57145752125895,4.619952383422,3.27729752733503,5.98872576989374,5.71897442833685,6.05120798302314,"RP11-468E2.11","sense_intronic"
"ENSG00000260834",1067.44301741565,-0.668818036743149,0.138645034552096,-4.82395953741742,1.4073597994479e-06,2.57885494568725e-05,1.81768169141541,2.28025148485486,1.63969537773841,2.80276166385825,3.01555278983176,3.70273468982648,"RP11-256I9.2","lincRNA"
"ENSG00000137573",237.746178411522,-0.599408360879931,0.124362230555641,-4.81985855514024,1.43660039192073e-06,2.6260847212505e-05,0.27105915249628,0.29582165158687,0.271558733835425,0.414143300452305,0.456107063085138,0.421572553612296,"SULF1","protein_coding"
"ENSG00000228929",102.223380552811,0.738391091089801,0.153639283008219,4.80600453628972,1.53976406428085e-06,2.77780769406095e-05,7.6338846392779,5.67736083984271,7.07189076827539,3.46458718768755,4.04666108035628,4.35655856502202,"RPS13P2","processed_pseudogene"
"ENSG00000197261",145.131436759737,-0.66917352087063,0.140501029343307,-4.76276596689935,1.90957263087141e-06,3.32616823542819e-05,0.857492802223036,1.10843711635024,0.97285269828127,1.82934085400309,1.38063842595489,1.53421565597653,"C6orf141","protein_coding"
"ENSG00000164107",155.499723986714,0.619968314904918,0.132338085792086,4.68473086333542,2.8032803874094e-06,4.62251479769336e-05,1.15126127959298,1.00981661147438,1.1063126352296,0.7017094988866,0.656569764227482,0.741446274604056,"HAND2","protein_coding"
"ENSG00000171551",155.369977408206,0.724557159069607,0.158571523889827,4.56927663489581,4.89410446277849e-06,7.50660516487299e-05,0.782284259004282,0.882550709289143,1.01393379304382,0.514812530907376,0.577285440276264,0.483212790270539,"ECEL1","protein_coding"
"ENSG00000261254",93.6409802224994,-0.715802477665065,0.157146083191867,-4.55501316435044,5.23822977543669e-06,7.93933409361265e-05,0.629594478603822,0.713028165413999,0.49342735929191,1.05124167630678,1.05605436854724,1.00496323365058,"RP4-714D9.5","sense_overlapping"
"ENSG00000261366",61.3001823375238,-0.80042157064256,0.176183678181333,-4.54310852687922,5.54306952705634e-06,8.34986835119402e-05,1.13626618236962,1.09516991509312,0.968348750604042,1.68653311492143,1.76204045007798,2.2028391207303,"MANEA-AS1","antisense"
"ENSG00000257859",71.0216117227572,0.901291728141339,0.199354575482566,4.52104861882219,6.1534052157288e-06,9.17802191330258e-05,0.584925484579055,0.668505945758741,0.908522531457567,0.358579493744105,0.436908804156797,0.305045739761651,"CASC18","lincRNA"
"ENSG00000232774",84.7953806013924,-0.73285510027478,0.163369908305548,-4.48586344863543,7.26192413247269e-06,0.000105916456499991,0.665179113070113,0.74150227327761,0.750816396430796,1.22333320688952,1.22241875703375,1.16649547491099,"RP11-47I22.3","protein_coding"
"ENSG00000225137",56.2365874527408,0.974348685771029,0.217776718507819,4.47407184958592,7.67439350205262e-06,0.000111077133839642,1.23445372942446,1.0162414125725,0.972588048472162,0.781988130998094,0.330124721506214,0.506222217838327,"DYNC1I2P1","processed_pseudogene"
"ENSG00000128692",199.495473175844,0.666437419807622,0.149860886300764,4.44704042701385,8.70614579829221e-06,0.000124582562254316,6.83205647299655,6.30048581006935,5.60576707241342,3.32183451437851,4.67792375905007,3.78226193653189,"EIF2S2P4","processed_pseudogene"
"ENSG00000214223",78.308532811168,0.856208487894787,0.194158584029248,4.40984101823594,1.03446536027294e-05,0.000144083530051252,2.35855088844299,2.10687923058612,2.12369092140402,1.08440477357073,1.21797538659372,1.26155170801796,"HNRNPA1P10","processed_pseudogene"
"ENSG00000196497",64.4300126173061,0.8583428801031,0.196995642956183,4.35716682472016,1.31756843598176e-05,0.000178121942590622,0.386017330978775,0.357173689744448,0.37742487845244,0.236127497063786,0.158793076237268,0.210065450508922,"IPO4","protein_coding"
"ENSG00000240489",48.5082502882575,0.955639794863518,0.220578105509922,4.33243268933839,1.47470756514459e-05,0.000195860810185812,1.6364066534978,1.63882580943913,1.75514662061054,0.929410938682101,0.766939827788028,0.810928713420478,"SETP14","processed_pseudogene"
"ENSG00000255234",56.1249503690898,-0.878033134520008,0.20283719168616,-4.32875809027442,1.49952533478381e-05,0.000198634675903093,0.413525527117753,0.335253645375598,0.269286994691213,0.570387170101563,0.69866162804921,0.682523862559312,"RP11-727A23.10","antisense"
"ENSG00000172461",99.5471930161592,-0.622504958263492,0.145511145013176,-4.27805690215086,1.88531832803482e-05,0.00024008499111798,0.198054439777734,0.176706252541208,0.174977333115317,0.28050435665226,0.283671722056465,0.288976477452441,"FUT9","protein_coding"
"ENSG00000250182",96.3804992946192,0.691025817988886,0.161611297458639,4.27585093898363,1.90408597391149e-05,0.000242068111146433,1.97632850313176,1.73100238709387,1.72823184521889,1.06814867769302,1.15988260807548,1.10672628361662,"EEF1A1P13","processed_pseudogene"
"ENSG00000224865",79.2350624722399,0.753416412721626,0.178133552334854,4.22950310509364,2.34208046104635e-05,0.000289257435262399,1.39969676648524,1.63831399625692,1.14846445955753,0.810868956371742,0.82333158159966,0.897007128472232,"AC009518.4","lincRNA"
"ENSG00000177855",63.4833966195352,0.816953571210252,0.194910482936201,4.19142961888643,2.77202182911115e-05,0.000331287214498032,2.68546172574274,2.31532488527509,3.01326056989774,1.4360632733973,1.66643977514672,1.25299250763908,"CACYBPP2","processed_pseudogene"
"ENSG00000186907",275.530853832661,0.628902024336113,0.151409879421814,4.15363929181958,3.27228865283125e-05,0.000381741818668243,0.797979616536003,1.01559827340295,1.04845562058172,0.621557818732974,0.63111083231363,0.567742311050059,"RTN4RL2","protein_coding"
"ENSG00000210195",152.605821201445,-0.714946172964653,0.172184217246272,-4.15221664562949,3.29270322110996e-05,0.000383532856362032,18.2498720634741,16.8600412819571,19.3465025226389,28.8020828816004,28.531468877512,32.4855936287897,"MT-TT","Mt_tRNA"
"ENSG00000251687",67.2626860604785,-1.13887293477557,0.274433376950447,-4.14990679133468,3.32610688101832e-05,0.000386532390145334,0.317509929286615,0.525549145753702,0.514607220753317,1.2846539394263,0.895950408076364,1.12088498524316,"RP11-181K12.2","antisense"
"ENSG00000254598",72.1225477738836,0.761384585502701,0.183820257626965,4.14200586666468,3.4428153466146e-05,0.000397050409152189,1.56278466921157,1.75412808434406,1.87562702422872,1.12963936064152,0.960451989049957,0.9142092226842,"CSNK2A3","protein_coding"
"ENSG00000231607",138.245288278208,-0.6088555996198,0.147157093874776,-4.13745327247294,3.51181937023539e-05,0.000402557569867981,0.543431652437644,0.517893684292922,0.480421085570998,0.749570273298414,0.873332439480184,0.76499856104534,"DLEU2","processed_transcript"
"ENSG00000136371",112.225557589596,0.621136999634583,0.150373867608056,4.13061796916438,3.61789380083973e-05,0.000413369304011626,2.31570315848352,1.9104162777058,2.68979175305569,1.49058619008477,1.47345613921424,1.387269108274,"MTHFS","protein_coding"
"ENSG00000164764",78.8913592435086,-0.760376407674788,0.184499974344287,-4.12128191549709,3.76770030432774e-05,0.000426866242974242,0.26202799295248,0.299217511750779,0.198099710977877,0.438996037977682,0.491689926811485,0.438410565806378,"SBSPON","protein_coding"
"ENSG00000228532",106.839340154747,0.634534716135449,0.154098100285753,4.11773224302437,3.82618871034379e-05,0.000432057106680699,3.26800034625002,3.05853900146428,3.20469124139713,1.86366418645649,2.17435900073065,2.02268790518879,"SUMO2","protein_coding"
"ENSG00000215492",94.3355865056176,0.791971376339233,0.192420493057641,4.11583695558868,3.85776950869735e-05,0.000435298876655247,3.14146895767692,2.39357061368239,2.54578276185753,1.37215302536004,1.67297709513691,1.53329405066232,"HNRNPA1P7","processed_pseudogene"
"ENSG00000235043",91.1846426307523,0.702304715534897,0.171791954438862,4.08811179678869,4.34898568074291e-05,0.000481758252967676,6.67238593969506,8.17157217509945,5.73873782694008,4.06339059124359,3.99654283153165,4.72718072223898,"TECRP1","processed_pseudogene"
"ENSG00000237412",72.6256348364944,0.698878602510076,0.171738192000991,4.06944194746177,4.71258798292256e-05,0.000517872068841251,1.25406827393456,1.26374726644198,1.47454347260414,0.814770627082317,0.779143878133452,0.812460413799682,"PRSS56","protein_coding"
"ENSG00000007264",221.587183464309,0.623342578528184,0.155281623191211,4.0142713974635,5.96297041014654e-05,0.000633236535356416,0.507330926212615,0.518242549495422,0.542692521861805,0.330294057465063,0.313265101416135,0.356571400818116,"MATK","protein_coding"
"ENSG00000251562",9827.61623826818,-0.627839051557139,0.158678695728434,-3.95666884375981,7.60021751727614e-05,0.000776103074506757,26.9460053025546,29.6506735626463,22.3783900521833,41.2909959606004,37.5874537792545,44.5060648835601,"MALAT1","lincRNA"
"ENSG00000183206",60.2829892199519,-0.697365977245175,0.177415919247707,-3.93068435009778,8.4704417223766e-05,0.000851765586336397,0.342370686136256,0.34895270686024,0.387473644229756,0.540634907124524,0.634923387215215,0.562647099223632,"POTEC","protein_coding"
"ENSG00000229419",77.0398132684598,0.629672595252541,0.160424365180116,3.92504339690283,8.67141038624638e-05,0.000870818773977321,0.476446043511602,0.506972289372989,0.508125085511158,0.342227072030037,0.302162539460172,0.311582219027799,"RALGAPA1P","processed_pseudogene"
"ENSG00000183971",115.023036230767,0.695203721383307,0.178102856249652,3.90338333714772,9.48572834365439e-05,0.000935851089321215,1.62010794317747,2.14864075372086,2.05497803828064,1.24363664150512,1.08736863785768,1.22073368963615,"NPW","protein_coding"
"ENSG00000255794",94.1569880753637,-0.781487285148176,0.201720458971697,-3.87411018759294,0.000107014988101269,0.00103689586297099,0.14097894309358,0.13847221560592,0.306488146816254,0.251297173664568,0.32401203525888,0.340638497389518,"RMST","processed_transcript"
"ENSG00000274012",76.4609922641615,1.49303049571106,0.388021277194638,3.84780573505027,0.000119180497560864,0.00113947082652198,11.1112011772501,9.93538146972474,8.17196266556267,2.78185971246677,2.09230771768421,3.84310701985871,"RN7SL2","misc_RNA"
"ENSG00000186009",99.6580201312412,0.659934334284386,0.172477707231859,3.82620075878704,0.000130136171697845,0.00122718328930252,1.37421673546228,1.8562070218975,1.61324867809747,0.919185276856739,0.998345752389645,1.14183994647754,"ATP4B","protein_coding"
"ENSG00000236603",58.2288014798127,0.72362501785934,0.189449150999159,3.81962660715514,0.000133653843919743,0.00125101318762185,2.79684032266295,3.02182109217435,2.90286692229089,1.70928400151568,1.60699517487267,1.89529895877905,"RANP1","processed_pseudogene"
"ENSG00000119411",69.7601666185959,-0.643645540081256,0.170287411617219,-3.77975995975602,0.000156979622398844,0.00143651521608217,1.28141221663257,0.84104554553463,0.938954667109862,1.3974712108373,1.80695236841476,1.5911696218672,"BSPRY","protein_coding"
"ENSG00000125740",61.2536580975717,-0.679612107787907,0.179902225122116,-3.77767483046189,0.000158299375428985,0.00144771800558289,0.272396416913639,0.32205450469124,0.413896002105079,0.55106171145569,0.489825325587877,0.542734554066505,"FOSB","protein_coding"
"ENSG00000197582",44.8731467467518,0.860355926860156,0.227765608672846,3.77737416931955,0.000158490533782457,0.00144859200780419,2.26495073502476,2.03298234694038,2.02276303603036,1.22414068755413,1.07032242983846,1.10146371074637,"GPX1P1","processed_pseudogene"
"ENSG00000196656",64.9129489207593,0.710228728329183,0.189902635562871,3.73996246141644,0.000184047738931881,0.00163581198579104,4.78106763220743,4.0699153008511,3.48703226191178,2.28097600252463,2.81495215029804,2.43697337974553,"AC004057.1","transcribed_processed_pseudogene"
"ENSG00000254893",55.6004251651635,0.711249976324203,0.19251975105991,3.69442601295942,0.000220384050194696,0.0019149655370702,3.45068359541927,3.63577365377608,3.33096304302826,2.18382706896546,2.00891864197941,2.12528801632156,"RP11-466P24.2","processed_pseudogene"
"ENSG00000272631",113.852437095743,-0.586232617729485,0.159880793905991,-3.66668568129694,0.000245714516229248,0.00209188639266181,0.329546253403363,0.343070467862153,0.296537988246163,0.495875171562704,0.46993007562961,0.522283049620941,"RP11-359E3.4","antisense"
"ENSG00000223551",64.0515791408234,-0.745882143237577,0.203704118982557,-3.66159578393919,0.000250649114918382,0.00212911249297823,1.45043011206658,1.89704694729372,2.23142184435874,2.96341582099345,2.87776951461421,3.46933524190958,"TMSB4XP4","processed_pseudogene"
"ENSG00000159713",58.232794192154,-0.663965482114941,0.181871784012164,-3.65073387123389,0.000261492080348039,0.0022026964900468,0.65267277459757,0.576844149502735,0.487726954352241,0.938620860457975,0.98301699493949,0.873047109573467,"TPPP3","protein_coding"
"ENSG00000184100",64.9649689063367,0.681759872222498,0.187266829354357,3.64057999258604,0.000272024575537346,0.00227246991052533,1.22477967121363,0.960829072175026,1.02464809656939,0.679723952377425,0.699588485851203,0.59307207096585,"BRD7P2","processed_pseudogene"
"ENSG00000227740",71.3358071808411,0.648029280398766,0.180649209538669,3.58722455555529,0.000334216485094295,0.0027098537266554,3.58137024246577,3.99229940335971,5.28627721897129,2.78750529280663,2.73878940214372,2.4013646362972,"RP11-318C24.2","lincRNA"
"ENSG00000115602",58.421428478912,0.627336911771913,0.178191473639506,3.52057760654171,0.000430607963003834,0.00335497844285867,0.38024567700388,0.411524676260788,0.444437579705593,0.282414113981717,0.254893039049591,0.249931850449712,"IL1RL1","protein_coding"
"ENSG00000115138",90.7710949680149,0.613597322405116,0.176198782254745,3.4824152275808,0.000496912524518679,0.00377454255466469,1.27490260581925,1.21446795598716,1.66042804485587,0.768719361377358,0.843453046140581,0.973204843848964,"POMC","protein_coding"
"ENSG00000276231",54.3138264536732,-0.588366674942376,0.17017959862387,-3.45732790358014,0.000545560576683478,0.00408546536876261,0.762376223151158,0.919942728678217,0.687875645249383,1.07975288128854,1.17413452170831,1.36775472825617,"PIK3R6","protein_coding"
"ENSG00000254277",1038.28918190681,-0.662893825708972,0.191995058987699,-3.45266086119144,0.000555086399580013,0.0041437336449436,0.590696114590934,0.904218957289044,0.850301331738624,1.13209237281296,1.53265604181086,1.30206324640344,"RP11-1144P22.1","lincRNA"
"ENSG00000100290",113.602792111866,0.657896462757455,0.193649738515164,3.39735270391773,0.000680412070998101,0.00490064853797777,1.29328750023985,1.87656732901412,1.39343539680371,0.705438367099827,1.16361289650853,1.03999692921564,"BIK","protein_coding"
"ENSG00000226221",63.9856482250567,0.668478128998614,0.197478861494718,3.38506169186364,0.000711622589137795,0.00507957075637972,5.0522901634785,3.99229940335971,3.96470791422847,2.64636578431009,2.3884791297765,3.04788588453106,"AC022431.1","processed_pseudogene"
"ENSG00000229413",65.1355236798978,-0.625272501831205,0.185568513026814,-3.36949675153594,0.000753055788047797,0.00532764118210846,4.66857192321431,5.41929898348622,3.86930050452778,7.79763707282351,6.59393947391389,8.02945804787066,"RP11-274B21.12","processed_pseudogene"
"ENSG00000277998",83.591489571647,0.599657769331455,0.178404670061683,3.36122237789024,0.000775983220294973,0.00546733073466538,7.58271235936082,7.59392214246477,5.53038874659894,4.72502711247009,4.59774625860544,4.57359367096829,"RP11-452N17.1","unprocessed_pseudogene"
"ENSG00000151136",105.003082741333,0.634029493367737,0.188968945628872,3.35520469385985,0.000793062787182037,0.00555877589128427,0.183820600712123,0.180552111514432,0.212704101435172,0.119948098825443,0.134663924283058,0.104656996608708,"BTBD11","protein_coding"
"ENSG00000111816",44.5383511118005,-0.70444577133974,0.21187045384331,-3.32488914127081,0.000884536984855578,0.00605432405984708,0.0762215824198255,0.0720934709821296,0.111955270833956,0.131418164799073,0.142333858345865,0.136068952049737,"FRK","protein_coding"
"ENSG00000149633",80.444391976712,0.90370709443133,0.273656080854645,3.30234611125394,0.00095879682351797,0.0064719853289939,0.097033290003712,0.090958583293286,0.050550307222335,0.0401522083122343,0.031062343946815,0.0550527451616398,"KIAA1755","protein_coding"
"ENSG00000075461",204.969946897284,0.625302262445712,0.191790496439339,3.26034018397511,0.0011127865913054,0.00735006623366873,0.34807104279586,0.429161448100536,0.347550187329773,0.246910625366873,0.241420121271256,0.245355633469647,"CACNG4","protein_coding"
"ENSG00000070182",80.0818343994038,-0.58927181815796,0.183615964415686,-3.20926244094938,0.00133075964252364,0.00852699011535019,0.0948125898296976,0.104922793750139,0.0795233978591006,0.147517156880064,0.148722116407286,0.141034967664802,"SPTB","protein_coding"
"ENSG00000196668",78.6336987984811,-0.728023699096126,0.227133278726302,-3.20527094566976,0.00134935396307802,0.00862122825213828,0.325556589318577,0.356037883176577,0.222601888589782,0.550085253877609,0.557273241998217,0.528935335981573,"LINC00173","processed_transcript"
"ENSG00000145040",59.0214876890157,0.899395817480226,0.281161125641432,3.19886262878047,0.00137970894233583,0.00878123028650025,0.340449539302596,0.44276514314776,0.551786810638938,0.219142673725719,0.226042697386546,0.204863731112977,"UCN2","protein_coding"
"ENSG00000237821",50.4075825971041,0.692022535621747,0.216720494704889,3.19315686577812,0.00140726476853108,0.00892661795827539,1.52928652625764,1.37413829244601,1.5336372154434,0.991411938777207,1.00902919961113,0.680977729681395,"AC083873.4","processed_pseudogene"
"ENSG00000273615",51.6905834814311,-0.62616513820332,0.19686208281532,-3.18073002809148,0.00146904460491508,0.00927192917237946,1.58748515122095,1.58021606556865,1.63401904304555,2.22497920329837,2.9835466541018,2.20018154220719,"RP11-1136G4.2","lincRNA"
"ENSG00000118513",57.1039976673389,-0.716069142884629,0.225838686777082,-3.17071070994775,0.00152066500990994,0.00953025540123045,0.14278537831786,0.112141571294909,0.176664949305583,0.198354582325897,0.198070273656616,0.290901774094146,"MYB","protein_coding"
"ENSG00000125931",68.941053006376,0.806226806325583,0.254816555482826,3.16394986502328,0.00155643604263406,0.00972227196623105,0.334227308139206,0.474188661055044,0.493335814327292,0.276605369137321,0.225874128613637,0.206865808485217,"CITED1","protein_coding"
"ENSG00000135905",103.149922016083,0.638344821472348,0.202415061880307,3.15364289367862,0.00161246265948824,0.00998172350567191,0.12910827008618,0.11672838599767,0.0969335833578943,0.0921839338368262,0.0680732741406523,0.062152181451802,"DOCK10","protein_coding"
